<?xml version="1.0" encoding="UTF-8" ?>
<!DOCTYPE mapper
        PUBLIC "-//mybatis.org//DTD Mapper 3.0//EN"
        "http://mybatis.org/dtd/mybatis-3-mapper.dtd">

<!-- namespace는 Mapper 인터페이스의 전체 경로와 일치해야 함 -->
<mapper namespace="org.scoula.board.mapper.BoardMapper">

    <!-- 게시글 목록 조회 -->
    <select id="getList" resultType="BoardVO">
        <![CDATA[
        select * from tbl_board
        order by no desc
        ]]>
    </select>


    <!-- 게시글과 첨부파일을 조인하여 조회 -->
    <select id="get" resultMap="boardMap">
        SELECT b.*,
               a.no as ano, a.bno, a.filename, a.path,
               a.content_type, a.size, a.reg_date as a_reg_date
        FROM tbl_board b
                 LEFT OUTER JOIN tbl_board_attachment a ON b.no = a.bno
        WHERE b.no = #{no}
        ORDER BY filename
    </select>


    <!--  Create(등록) 기능 구현 - selectKey 활용 -->
    <insert id="create">
        insert into tbl_board (title, content, writer)
        values (#{title}, #{content}, #{writer})

        <!--
          생성된 PK 값을 BoardVO 객체의 no 필드에 설정
           - LAST_INSERT_ID(): MySQL의 마지막 삽입 ID 조회 함수
        -->
        <selectKey resultType="Long" keyProperty="no" keyColumn="no" order="AFTER">
            SELECT LAST_INSERT_ID()
        </selectKey>
    </insert>


    <!-- 게시글 수정 처리 -->
    <update id="update">
        update tbl_board set
        title = #{title},
        content = #{content},
        writer = #{writer},
        update_date = now()    <!-- 수정 시간 자동 업데이트 -->
        where no = #{no}
    </update>


    <!-- 게시글 삭제 처리 -->
    <delete id="delete">
        delete from tbl_board where no = #{no}
    </delete>


    <!-- 첨부파일 등록 -->
    <insert id="createAttachment">
        INSERT INTO tbl_board_attachment(filename, path, content_type, size, bno)
        VALUES(#{filename}, #{path}, #{contentType}, #{size}, #{bno})
    </insert>

    <!-- 게시글의 첨부파일 목록 조회 -->
    <select id="getAttachmentList" resultType="org.scoula.board.domain.BoardAttachmentVO">
        SELECT * FROM tbl_board_attachment
        WHERE bno = #{bno}
        ORDER BY filename
    </select>

    <!-- 특정 첨부파일 조회 -->
    <select id="getAttachment" resultType="org.scoula.board.domain.BoardAttachmentVO">
        SELECT * FROM tbl_board_attachment
        WHERE no = #{no}
    </select>

    <!-- 첨부파일 삭제 -->
    <delete id="deleteAttachment">
        DELETE FROM tbl_board_attachment
        WHERE no = #{no}
    </delete>


    <!-- 첨부파일 ResultMap 정의 -->
    <resultMap id="attachmentMap" type="org.scoula.board.domain.BoardAttachmentVO">
        <id column="ano" property="no"/>
        <result column="bno" property="bno"/>
        <result column="filename" property="filename"/>
        <result column="path" property="path"/>
        <result column="contentType" property="contentType"/>
        <result column="size" property="size"/>
        <result column="a_reg_date" property="regDate"/>
    </resultMap>

    <!-- 게시글 + 첨부파일 통합 ResultMap -->
    <resultMap id="boardMap" type="org.scoula.board.domain.BoardVO">
        <id column="no" property="no"/>
        <result column="title" property="title"/>
        <result column="content" property="content"/>
        <result column="writer" property="writer"/>
        <result column="reg_date" property="regDate"/>
        <result column="update_date" property="updateDate"/>

        <!-- 첨부파일 컬렉션 매핑 -->
        <collection property="attaches" resultMap="attachmentMap"/>
    </resultMap>

</mapper>